category,high_traffic_perc
Beverages,0.05434782608695652
Breakfast,0.3113207547169811
Chicken,0.4233128834355828
Dessert,0.6233766233766234
Lunch/Snacks,0.6341463414634146
Meat,0.7567567567567568
One Dish Meal,0.7611940298507462
Pork,0.9041095890410958
Potato,0.9397590361445783
Vegetable,0.9871794871794872
